<?xml version="1.0" encoding="UTF-8" standalone="yes"?>
<addon id="plugin.video.BooLigaFPL"
	name="BooLiga FPL TV"
	version="1.0.2"
	provider-name="Cazlo">
  <requires>
    <import addon="xbmc.python" version="2.1.0"/>
    <import addon="script.module.addon.common" version="2.0.0"/>
    <import addon="plugin.video.youtube" version="5.0.0"/>
  </requires>
  <extension point="xbmc.python.pluginsource" library="default.py">
    <provides>video</provides>
  </extension>
  <extension point="xbmc.addon.metadata">
    <summary lang="en">A Selection of FPL Tips and Reviews channels, Follow us on twitter @BooLigaFPL</summary>
    <description lang="en">A Collection of Fantasy Premier League (FPL) Youtube channels and playlists selected by FPL community BooLiga</description>
    <platform>all</platform>
	<repository>Cazlo Repository</repository>
	<twitter>@BooLigaFPL</twitter>
  </extension>
</addon>
