<?xml version="1.0" encoding="UTF-8" standalone="yes"?>
<addon id="script.startec.pairwith"
  name="Star Tec Pair With"
  version="1.2" 
  provider-name="Thunder">
  <requires>
    <import addon="xbmc.python" version="2.1.0"/>
  </requires>
  <extension point="xbmc.python.script" library="addon.py">
    <provides>executable</provides>
  </extension>
  <extension point="xbmc.addon.metadata">
    <platform>all</platform>
    <summary lang="en">Star Tec Menu System</summary>
    <description lang="en">Star Tec Menu System</description>
	<disclaimer>Star Tec Menu System</disclaimer>
  </extension>
</addon>
