<?xml version="1.0" encoding="UTF-8" standalone="yes"?>
<addon id="plugin.video.deephousetv"
	name="Deep House TV"
	version="1.0.5"
	provider-name="Cazlo">
  <requires>
    <import addon="xbmc.python" version="2.1.0"/>
    <import addon="script.module.addon.common" version="2.0.0"/>
    <import addon="plugin.video.youtube" version="5.0.0"/>
  </requires>
  <extension point="xbmc.python.pluginsource" library="default.py">
    <provides>video audio</provides>
  </extension>
  <extension point="xbmc.addon.metadata">
    <summary lang="en">Deep House Channels, Playlists and Live Sets from YouTube</summary>
    <description lang="en">The Best Deep House Addon for Kodi</description>
    <platform>all</platform>
	<repository>Cazlo Repository</repository>
	<website>cazlo.com/repo</website>
  </extension>
</addon>
